{"name":"06cffe0a-5de5-4f9b-8b50-b03a68ba4ee5","id":"/providers/Microsoft.Flow/flows/06cffe0a-5de5-4f9b-8b50-b03a68ba4ee5","type":"Microsoft.Flow/flows","properties":{"apiId":"/providers/Microsoft.PowerApps/apis/shared_logicflows","displayName":"Caution Request","definition":{"metadata":{"workflowEntityId":null,"processAdvisorMetadata":null,"flowChargedByPaygo":null,"flowclientsuspensionreason":"None","flowclientsuspensiontime":null,"flowclientsuspensionreasondetails":null,"creator":{"id":"bd384da0-0f9f-4bf1-b41d-9ba53370d924","type":"User","tenantId":"fda13258-f79e-4ef4-b487-747557006960"},"provisioningMethod":"FromDefinition","failureAlertSubscription":true,"clientLastModifiedTime":"2024-09-30T05:11:27.0887096Z","connectionKeySavedTimeKey":"2024-09-30T05:11:27.0887096Z"},"$schema":"https://schema.management.azure.com/providers/Microsoft.Logic/schemas/2016-06-01/workflowdefinition.json#","contentVersion":"1.0.0.0","parameters":{"$authentication":{"defaultValue":{},"type":"SecureObject"},"$connections":{"defaultValue":{},"type":"Object"}},"triggers":{"When_a_new_email_arrives":{"splitOn":"@triggerOutputs()?['body/value']","metadata":{"operationMetadataId":"92533228-35af-4ecd-a877-4db638339ac7"},"type":"OpenApiConnectionNotification","inputs":{"parameters":{"subjectFilter":"caution"},"host":{"apiId":"/providers/Microsoft.PowerApps/apis/shared_office365","connectionName":"shared_office365","operationId":"OnNewEmailV3"},"authentication":"@parameters('$authentication')"},"conditions":[],"runtimeConfiguration":{"concurrency":{"runs":1,"maximumWaitingRuns":25}}}},"actions":{"IF_Email_Has_Attachment":{"actions":{"For_each":{"foreach":"@triggerOutputs()?['body/attachments']","actions":{"IF_File_Valid":{"actions":{"Get_items_Current_Date":{"metadata":{"operationMetadataId":"c06cea8c-69f9-4109-93ed-663aa9a7bb62"},"type":"OpenApiConnection","inputs":{"parameters":{"dataset":"https://nomadsportal.sharepoint.com/sites/A19A","table":"4dd00c92-071f-43be-b57a-e27ab9baa0a1","$filter":"DateReceived eq '@{formatDateTime(convertFromUtc(utcNow(), 'Russian Standard Time'), 'yyyy-MM-dd')\r\n}'"},"host":{"apiId":"/providers/Microsoft.PowerApps/apis/shared_sharepointonline","connectionName":"shared_sharepointonline","operationId":"GetItems"},"authentication":"@parameters('$authentication')"}},"Apply_to_each":{"foreach":"@outputs('Get_items_Current_Date')?['body/value']","actions":{"IF_Items_in_list_Exist":{"actions":{"Get_Max_Number":{"actions":{"Max_Number_Set_Highest":{"metadata":{"operationMetadataId":"fbc8622d-70f6-4655-9545-97b8335c4a1f"},"type":"SetVariable","inputs":{"name":"Max_Number","value":"@items('Apply_to_each')?['Number']"}}},"else":{"actions":{}},"expression":{"and":[{"greater":["@items('Apply_to_each')?['Number']","@variables('Max_Number')"]}]},"metadata":{"operationMetadataId":"aa71b4fd-9a7c-471d-8860-7a3241da9978"},"type":"If"}},"else":{"actions":{"Max_Number_Set_0":{"metadata":{"operationMetadataId":"6b354358-c905-482b-91d3-80a5ed9509d4"},"type":"SetVariable","inputs":{"name":"Max_Number","value":0}}}},"expression":{"and":[{"not":{"equals":["length(body('Get_items')?['value']) > 0",0]}}]},"metadata":{"operationMetadataId":"617d226f-728a-4bcc-9f9f-234ef7b10818"},"type":"If"}},"runAfter":{"Get_items_Current_Date":["Succeeded"]},"metadata":{"operationMetadataId":"0b047d48-d347-421d-bac1-54c754eff720"},"type":"Foreach"},"Create_Caution_Id_item":{"runAfter":{"Caution_id_Set_":["Succeeded"]},"metadata":{"operationMetadataId":"46377315-c389-4f4a-bd96-832a456abba4"},"type":"OpenApiConnection","inputs":{"parameters":{"dataset":"https://nomadsportal.sharepoint.com/sites/A19A","table":"4dd00c92-071f-43be-b57a-e27ab9baa0a1","item/Number":"@add(variables('Max_Number'), 1)\r\n","item/Title":"@variables('Caution_id')","item/DateReceived":"@formatDateTime(convertFromUtc(utcNow(), 'Russian Standard Time'), 'yyyy-MM-dd')\r\n"},"host":{"apiId":"/providers/Microsoft.PowerApps/apis/shared_sharepointonline","connectionName":"shared_sharepointonline","operationId":"PostItem"},"authentication":"@parameters('$authentication')"}},"File_Found_Set":{"runAfter":{"Create_Caution_Id_item":["Succeeded"]},"metadata":{"operationMetadataId":"7108b0fe-3026-4d9d-9f1f-82b99dcfae78"},"type":"SetVariable","inputs":{"name":"File Found","value":true}},"Caution_id_Set_":{"runAfter":{"Apply_to_each":["Succeeded"]},"metadata":{"operationMetadataId":"06be23a5-73af-45f2-a3b2-5e0ea42fd1ff"},"type":"SetVariable","inputs":{"name":"Caution_id","value":"@concat(\r\n    'CAU_', \r\n    formatDateTime(convertFromUtc(utcNow(), 'SA Western Standard Time'), 'yyyyMMdd'), \r\n    '_', \r\n    if(\r\n        equals(length(string(add(variables('Max_Number'), 1))), 1), \r\n        concat('00', string(add(variables('Max_Number'), 1))), \r\n        if(\r\n            equals(length(string(add(variables('Max_Number'), 1))), 2), \r\n            concat('0', string(add(variables('Max_Number'), 1))), \r\n            string(add(variables('Max_Number'), 1))\r\n        )\r\n    )\r\n)"}},"Create_Request_Excel":{"runAfter":{"File_Found_Set":["Succeeded"]},"metadata":{"operationMetadataId":"90afd2c5-bc30-4372-a5ad-3d269f462b7c"},"type":"OpenApiConnection","inputs":{"parameters":{"dataset":"https://nomadsportal.sharepoint.com/sites/A19A","folderPath":"/Cautions/Caution Files/Caution Requests","name":"@{variables('Caution_id')}_Request.xlsx","body":"@outputs('Get_Attachment_(V2)')?['body/contentBytes']"},"host":{"apiId":"/providers/Microsoft.PowerApps/apis/shared_sharepointonline","connectionName":"shared_sharepointonline","operationId":"CreateFile"},"authentication":"@parameters('$authentication')"},"runtimeConfiguration":{"contentTransfer":{"transferMode":"Chunked"}}},"Create_Request_Excel_One_drive":{"runAfter":{"Create_Request_Excel":["Succeeded"]},"metadata":{"operationMetadataId":"09c73c25-faeb-41b0-a5a1-7c2a04e7ca24"},"type":"OpenApiConnection","inputs":{"parameters":{"folderPath":"/Documents","name":"@{variables('Caution_id')}_Request.xlsx","body":"@outputs('Get_Attachment_(V2)')?['body/contentBytes']"},"host":{"apiId":"/providers/Microsoft.PowerApps/apis/shared_onedriveforbusiness","connectionName":"shared_onedriveforbusiness","operationId":"CreateFile"},"authentication":"@parameters('$authentication')"},"runtimeConfiguration":{"contentTransfer":{"transferMode":"Chunked"}}}},"runAfter":{"Get_Attachment_(V2)":["Succeeded"]},"else":{"actions":{"IF_Inline":{"actions":{},"else":{"actions":{"Get_file_content_A-2_(Request_Template.xlsx)":{"metadata":{"%252fCautions%252fCaution%2bFiles%252fCaution%2bRequest%2bTemplate%252fCaution_Request.xlsx":"/Cautions/Caution Files/Caution Request Template/Caution_Request.xlsx","operationMetadataId":"5a6d1dac-b7d3-43f6-85f2-6e69a9257d3c"},"type":"OpenApiConnection","inputs":{"parameters":{"dataset":"https://nomadsportal.sharepoint.com/sites/A19A","id":"%252fCautions%252fCaution%2bFiles%252fCaution%2bRequest%2bTemplate%252fCaution_Request.xlsx","inferContentType":true},"host":{"apiId":"/providers/Microsoft.PowerApps/apis/shared_sharepointonline","connectionName":"shared_sharepointonline","operationId":"GetFileContent"},"authentication":"@parameters('$authentication')"}},"Send_an_email_A-2":{"runAfter":{"Get_file_content_A-2_(Request_Template.xlsx)":["Succeeded"]},"metadata":{"operationMetadataId":"daef2004-ce50-445c-a623-9de1de24e1d1"},"type":"OpenApiConnection","inputs":{"parameters":{"emailMessage/To":"@triggerOutputs()?['body/from']","emailMessage/Subject":"No valid Attachment Found","emailMessage/Body":"<p class=\"editor-paragraph\">The email received did not contain any attachments with a valid name or type. Please download the template and fill in the information.</p>","emailMessage/Attachments":[{"Name":"Caution_request.xlsx","ContentBytes":"@body('Get_file_content_A-2_(Request_Template.xlsx)')"}]},"host":{"apiId":"/providers/Microsoft.PowerApps/apis/shared_office365","connectionName":"shared_office365","operationId":"SendEmailV2"},"authentication":"@parameters('$authentication')"}}}},"expression":{"and":[{"equals":["@outputs('Get_Attachment_(V2)')?['body/isInline']",true]}]},"metadata":{"operationMetadataId":"81ddac2a-9155-4782-a32c-2c9fd2da0072"},"type":"If"}}},"expression":{"and":[{"equals":["@outputs('Get_Attachment_(V2)')?['body/name']","Caution_Request.xlsx"]}]},"metadata":{"operationMetadataId":"03900edb-40f7-437d-b165-a8e3bff4df74"},"type":"If"},"Get_Attachment_(V2)":{"metadata":{"operationMetadataId":"964a7bce-e60a-43da-b072-835d8a41d349"},"type":"OpenApiConnection","inputs":{"parameters":{"messageId":"@triggerOutputs()?['body/id']","attachmentId":"@item()?['id']"},"host":{"apiId":"/providers/Microsoft.PowerApps/apis/shared_office365","connectionName":"shared_office365","operationId":"GetAttachment_V2"},"authentication":"@parameters('$authentication')"}}},"metadata":{"operationMetadataId":"903a888e-6e6b-438c-aa48-5af12156d484"},"type":"Foreach"}},"runAfter":{"File_Found_init":["Succeeded"]},"else":{"actions":{"Send_an_email_A":{"runAfter":{"Get_file_content_A_(Request_Template.xlsx)":["Succeeded"]},"metadata":{"operationMetadataId":"18dd67bc-d643-47ff-9e4d-bcd9aefda40c"},"type":"OpenApiConnection","inputs":{"parameters":{"emailMessage/To":"@triggerOutputs()?['body/from']","emailMessage/Subject":"No Attachment Found","emailMessage/Body":"<p class=\"editor-paragraph\">The email received did not contain any attachments. Please download the template and fill in the information.</p>","emailMessage/Attachments":[{"Name":"Caution_Request.xlsx","ContentBytes":"@body('Get_file_content_A_(Request_Template.xlsx)')"}]},"host":{"apiId":"/providers/Microsoft.PowerApps/apis/shared_office365","connectionName":"shared_office365","operationId":"SendEmailV2"},"authentication":"@parameters('$authentication')"}},"Get_file_content_A_(Request_Template.xlsx)":{"metadata":{"%252fCautions%252fCaution%2bFiles%252fCaution%2bRequest%2bTemplate%252fCaution_Request.xlsx":"/Cautions/Caution Files/Caution Request Template/Caution_Request.xlsx","operationMetadataId":"5b417d7b-5001-40fc-870f-955f22801576"},"type":"OpenApiConnection","inputs":{"parameters":{"dataset":"https://nomadsportal.sharepoint.com/sites/A19A","id":"%252fCautions%252fCaution%2bFiles%252fCaution%2bRequest%2bTemplate%252fCaution_Request.xlsx","inferContentType":true},"host":{"apiId":"/providers/Microsoft.PowerApps/apis/shared_sharepointonline","connectionName":"shared_sharepointonline","operationId":"GetFileContent"},"authentication":"@parameters('$authentication')"}}}},"expression":{"or":[{"equals":["@triggerOutputs()?['body/hasAttachments']",true]}]},"metadata":{"operationMetadataId":"15b67389-626d-4dcb-8dfe-1764bdea5af7"},"type":"If"},"Max_Number_init":{"runAfter":{"Caution_id_init":["Succeeded"]},"metadata":{"operationMetadataId":"f3fbb7dc-8fdc-4c96-8c28-9104b83ab961"},"type":"InitializeVariable","inputs":{"variables":[{"name":"Max_Number","type":"float","value":1}]}},"File_Found_init":{"runAfter":{"Max_Number_init":["Succeeded"]},"metadata":{"operationMetadataId":"89614b6e-8f0f-4b00-b46e-366b6f09dd3d"},"type":"InitializeVariable","inputs":{"variables":[{"name":"File Found","type":"boolean","value":false}]}},"IF_no_file_found":{"actions":{"Terminate":{"metadata":{"operationMetadataId":"ce302210-2568-4a41-bba9-b14531d4c5fc"},"type":"Terminate","inputs":{"runStatus":"Succeeded"}}},"runAfter":{"IF_Email_Has_Attachment":["Succeeded"]},"else":{"actions":{}},"expression":{"and":[{"equals":["@variables('File Found')",false]}]},"metadata":{"operationMetadataId":"3eaee969-61b3-4fb0-b112-18a90ded4ee2"},"type":"If"},"Run_script":{"runAfter":{"IF_no_file_found":["Succeeded"]},"metadata":{"015LVQKHBMYOBSAEOQHBFJVVZORBAFOFSM":"/Caution Files/Caution Scripts/Power Automate regex.xlsx","tableId":null,"operationMetadataId":"385e94b7-1b70-4aa2-8a0f-8751fe3d475d"},"type":"OpenApiConnection","inputs":{"parameters":{"source":"sites/nomadsportal.sharepoint.com,db4aa7f0-d8cb-41e8-a24b-c39f56c711a3,2582ab21-5417-49c2-bd77-0625f94a0d62","drive":"b!8KdK28vY6EGiS8OfVscRoyGrgiUXVMJJvXcGJflKDWKbccHgfG53R5Q_PuDxxjMW","file":"015LVQKHBMYOBSAEOQHBFJVVZORBAFOFSM","scriptId":"ms-officescript%3A%2F%2Fonedrive_business_itemlink%2F01LVE7BJWGMV6RXEW7BVF3YLBFGT5TQ56K","ScriptParameters/inputString":"@triggerOutputs()?['body/body']","ScriptParameters/pattern":"Limited \\|(.*)\\| T","ScriptParameters/flags":"g"},"host":{"apiId":"/providers/Microsoft.PowerApps/apis/shared_excelonlinebusiness","connectionName":"shared_excelonlinebusiness","operationId":"RunScriptProd"},"authentication":"@parameters('$authentication')"}},"Branch":{"runAfter":{"Run_script":["Succeeded"]},"metadata":{"operationMetadataId":"073bda8c-97f9-4d4b-8082-6b1383dfe1df"},"type":"Compose","inputs":"@trim(split(split(join(body('Run_script')?['result'], ''), ',')[1], '|')[0])"},"Caution_id_init":{"runAfter":{},"metadata":{"operationMetadataId":"eefc9da9-441d-44be-aca5-e4dab164dff6"},"type":"InitializeVariable","inputs":{"variables":[{"name":"Caution_id","type":"string","value":"CAU"}]}},"Create_item_Caution_Data":{"runAfter":{"Branch":["Succeeded"]},"metadata":{"operationMetadataId":"1cc5f2ef-8576-4612-9b28-bc24a55835ac"},"type":"OpenApiConnection","inputs":{"parameters":{"dataset":"https://nomadsportal.sharepoint.com/sites/A19A","table":"01caa2d0-ba0f-4c27-9c39-c424c91f1d39","item/Title":"@variables('Caution_id')","item/Branch":"@outputs('Branch')","item/DateAndTimeReceived":"@formatDateTime(convertFromUtc(utcNow(), 'Russian Standard Time'), 'yyyy-MM-ddTHH:mm:ss')","item/EmailTo":"@triggerOutputs()?['body/from']","item/EmailCC":"@triggerOutputs()?['body/ccRecipients']","item/MessageId":"@triggerOutputs()?['body/id']"},"host":{"apiId":"/providers/Microsoft.PowerApps/apis/shared_sharepointonline","connectionName":"shared_sharepointonline","operationId":"PostItem"},"authentication":"@parameters('$authentication')"}},"Run_a_flow_built_with_Power_Automate_for_desktop":{"runAfter":{"Create_item_Caution_Data":["Succeeded"]},"metadata":{"operationMetadataId":"52f0cf97-d6be-4b16-89c2-04df8037d61a"},"type":"OpenApiConnection","inputs":{"parameters":{"uiFlowId":"f9b33e90-ffe6-40b4-a3d0-c33b7ba86804","runMode":"attended","item/CautionId":"@variables('Caution_id')","item/Staff":"Stephen Karim"},"host":{"apiId":"/providers/Microsoft.PowerApps/apis/shared_uiflow","connectionName":"shared_uiflow-2","operationId":"RunUIFlow_V2"},"authentication":"@parameters('$authentication')"}}},"outputs":{}},"connectionReferences":{"shared_office365":{"connectionName":"shared-office365-f11480ea-6aac-4fa4-a475-a3b44f326db3","source":"Embedded","id":"/providers/Microsoft.PowerApps/apis/shared_office365","tier":"NotSpecified"},"shared_sharepointonline":{"connectionName":"shared-sharepointonl-3fd66b9e-2d7b-4155-9731-7f63d3def16a","source":"Embedded","id":"/providers/Microsoft.PowerApps/apis/shared_sharepointonline","tier":"NotSpecified"},"shared_onedriveforbusiness":{"connectionName":"shared-onedriveforbu-70748798-5784-495a-9bba-1d217a010ec1","source":"Embedded","id":"/providers/Microsoft.PowerApps/apis/shared_onedriveforbusiness","tier":"NotSpecified"},"shared_excelonlinebusiness":{"connectionName":"shared-excelonlinebu-127a9dc6-1cb4-4c14-bcc0-01116651a629","source":"Embedded","id":"/providers/Microsoft.PowerApps/apis/shared_excelonlinebusiness","tier":"NotSpecified"},"shared_uiflow-2":{"connectionName":"shared-uiflow-a4d5693f-6b7a-4a67-8c2b-3d94f0aa1910","source":"Embedded","id":"/providers/Microsoft.PowerApps/apis/shared_uiflow","tier":"NotSpecified"}},"flowFailureAlertSubscribed":false,"isManaged":false}}